<?xml version="1.0"?>
<Project Version="1" Minor="3" DIGEST="">
	<TOOL_VERSION Version="2019.1.1"/>
	<MODE Name="Post-Synthesis"/>
	<SYSTEMINFO BOARD="" PART="xczu27dr-ffvg1517-1-e" ARCH="zynquplusRFSOC" PACKAGE="ffvg1517" DEVICE="xczu27dr" SPEED="-1" LUT="425280" FF="850560" BRAM="1080" DSP="4272"/>
	<HIERARCHY Name="block_design_wrapper"/>
	<File Type="HW_HANDOFF" Name="block_design.hwh" DESIGN_HIERARCHY="block_design_i" BD_TYPE="DEFAULT_BD"/>
	<File Type="BD_TCL" Name="block_design_bd.tcl"/>
	<File Type="PS_FSBL_INIT" Name="psu_init.c"/>
	<File Type="PS_FSBL_INIT" Name="psu_init.h"/>
	<File Type="PS_FSBL_INIT_GPL" Name="psu_init_gpl.c"/>
	<File Type="PS_FSBL_INIT_GPL" Name="psu_init_gpl.h"/>
	<File Type="PS_INIT_HELP" Name="psu_init.html"/>
	<File Type="PS_XMD_INIT" Name="psu_init.tcl"/>
	<File Type="HW_HANDOFF" Name="block_design_smartconnect_0_1.hwh" DESIGN_HIERARCHY="block_design_i/smartconnect_0/inst" BD_TYPE="SCOPED_BD"/>
	<File Type="BD_TCL" Name="block_design_smartconnect_0_1_bd.tcl"/>
	<File Type="HW_HANDOFF" Name="block_design_smartconnect_0_0.hwh" DESIGN_HIERARCHY="block_design_i/ex_design/smartconnect_0/inst" BD_TYPE="SCOPED_BD"/>
	<File Type="BD_TCL" Name="block_design_smartconnect_0_0_bd.tcl"/>
	<File Type="BIT" Name="block_design_wrapper.bit"/>
	<File Type="MMI" Name="block_design_wrapper.mmi"/>
	<USEDRESOURCES LUT="29996" FF="40837" BRAM="322" DSP="0"/>
</Project>

